{
  "product_name": "ComposeForDataLakes",
  "product_version": "6.4.0.235",
  "created_on": "05/13/2019 09:49:45",
  "objects": [
    {
      "id": 1,
      "path": "/",
      "name": "settings",
      "type": "ACProjectSettings",
      "creation_time": 0,
      "modification_time": 0,
      "inner_item": {
        "$type": "ACProjectSettings",
        "lowest_date": "1780-01-01",
        "highest_date": "9999-12-31",
        "unknown_date": "7777-07-07",
        "unknown_string": "Unknown",
        "map_name_prefix": "Map",
        "stop_after_staging": false,
        "use_datetime2": false,
        "unknown_guid": "00000000-0000-0000-0000-000000000000",
        "unknown_number": "0",
        "unknown_byte": "0",
        "dwh_key_name": "ID",
        "naming_conv": {
          "dwh_prefix": "cmps_",
          "hub_suffix": "",
          "sat_suffix": "",
          "lnk_suffix": "_L",
          "dma_prefix": "TDMA_",
          "dwh_view_prefix": "v_",
          "replicate_change_table_suffix": "__ct",
          "error_mart_suffix": "__ex",
          "dma_view_prefix": "VDMA_",
          "ct_archive_suffix": "__ar",
          "current_view_name_suffix": "_current",
          "column_prefix": "header__",
          "from_date_suffix": "from_date",
          "to_date_suffix": "to_date",
          "soft_delete_suffix": "deleted",
          "created_batch_suffix": "created_batch",
          "modified_batch_suffix": "modified_batch",
          "dropped_column_suffix": "__dropped",
          "control_table_prefix": "attrep_"
        },
        "create_ddl_scripts_only": false,
        "ignore_data_type_check": false,
        "write_tdwm_to_db": false,
        "hide_default_workflows": false,
        "exclude_to_date": true,
        "acid_transactions": false,
        "big_data_project_type": "HISTORICAL_DATASTORE_WITHOUT_ACID",
        "dwh_type": "HADOOPSPARK",
        "rno_ins": "RUNNO_INSERT",
        "rno_upd": "RUNNO_UPDATE",
        "soft_delete": true,
        "hard_delete": false,
        "user_var_list": {
          "usrvarlst": []
        },
        "uuid": "e5a3c570-6123-481d-8a82-3d7540e6095d",
        "storage_defaults": {
          "hive_external_table": false
        },
        "provisioning_defaults": {
          "hive_external_table": false
        },
        "get_md_via_select_query": false,
        "defaults_base_location": {},
        "name": "settings",
        "version": 636916093328000000,
        "metadata": {
          "creation_time": 636893764221880000,
          "modification_time": 636916093328000000,
          "tags": [],
          "caller_role": "NONE"
        }
      },
      "tags": [],
      "software_version": 3
    },
    {
      "id": 4,
      "path": "/",
      "name": "Spark_emr_new",
      "type": "Database",
      "creation_time": 0,
      "modification_time": 0,
      "inner_item": {
        "$type": "DatabaseDto",
        "usage": "DATA_WAREHOUSE",
        "dbms": "Apache Spark",
        "server_name": "ec2-34-240-7-18.eu-west-1.compute.amazonaws.com",
        "database_name": "Spark_emr_new",
        "user_name": "hadoop",
        "included_schemas": "rosie_storage",
        "templateDatabaseType": "HADOOPSPARK",
        "dma_schema": "storage2",
        "original_sourcedb_id": 0,
        "has_source_definition": false,
        "landing_zone": {
          "landing_type": "DATABASE",
          "replicate_task_type": "FULL_LOAD_AND_CDC",
          "associate_with_replicate_task": false,
          "archive_settings": {
            "ct_post_processing": "DO_NOTHING"
          }
        },
        "display_name": "Apache Spark",
        "port": 10000,
        "db_settings": {
          "$type": "SparkDbSettings",
          "data_store": {
            "$type": "DataStoreHdfs",
            "root_location_path": "/rosie",
            "hive_external_table": false
          },
          "data_store_type": "HDFS",
          "use_buckets": false,
          "number_of_buckets": 0,
          "format": "PARQUET",
          "authentication_type": "USERNAME",
          "ssl_configuration": {
            "use_ssl": false,
            "allow_self_signed_certs": false
          }
        },
        "multibyte_character_multiplier": 1,
        "apply_ddl_changes": false,
        "max_table_cols_single_read": 100,
        "uuid": "65882900-ebf6-40e8-bc6f-37e1d5fbd32c",
        "use_long_object_names": false,
        "use_zoo_keeper": false,
        "zoo_keeper_namespace": "hiveserver2",
        "id": 4,
        "name": "Spark_emr_new",
        "version": 636933354080470000,
        "metadata": {
          "creation_time": 636893764736890000,
          "modification_time": 636933354080470000,
          "tags": [],
          "caller_role": "NONE"
        }
      },
      "tags": [],
      "software_version": 5
    },
    {
      "id": 5,
      "path": "/",
      "name": "Landing",
      "type": "Database",
      "creation_time": 0,
      "modification_time": 0,
      "inner_item": {
        "$type": "DatabaseDto",
        "usage": "SOURCE",
        "server_name": "",
        "database_name": "",
        "included_schemas": "*",
        "templateDatabaseType": "HADOOPSPARK",
        "dma_schema": "*",
        "original_sourcedb_id": 0,
        "has_source_definition": false,
        "landing_zone": {
          "landing_type": "DATABASE",
          "schema_name": "rosie_landing",
          "replicate_task_type": "FULL_LOAD_AND_CDC",
          "replicate_task_name": "Hadoop_3",
          "associate_with_replicate_task": true,
          "replicate_server_name": "rb2008",
          "archive_settings": {
            "$type": "SparkArchiveSettings",
            "archive_format": "ORC",
            "ct_post_processing": "DO_NOTHING"
          },
          "task_uuid": "3c4a11dd-32e9-e541-9f51-f2854f4a83af"
        },
        "port": 0,
        "db_settings": {
          "$type": "SparkDbSettings",
          "data_store": {
            "hive_external_table": false
          },
          "data_store_type": "NONE",
          "use_buckets": false,
          "number_of_buckets": 0,
          "format": "ORC",
          "authentication_type": "USERNAME",
          "ssl_configuration": {
            "use_ssl": false,
            "allow_self_signed_certs": false
          }
        },
        "multibyte_character_multiplier": 1,
        "apply_ddl_changes": true,
        "max_table_cols_single_read": 100,
        "uuid": "967aa1e6-3ef1-4dea-8281-fbc9b8ddd965",
        "use_long_object_names": false,
        "use_zoo_keeper": false,
        "zoo_keeper_namespace": "hiveserver2",
        "id": 5,
        "name": "Landing",
        "version": 636921236473250000,
        "metadata": {
          "creation_time": 636893764948320000,
          "modification_time": 636921236473250000,
          "tags": [],
          "caller_role": "NONE"
        }
      },
      "tags": [],
      "software_version": 5
    },
    {
      "id": 6,
      "path": "/",
      "name": "Landing_Landing",
      "type": "Database",
      "creation_time": 0,
      "modification_time": 0,
      "inner_item": {
        "$type": "DatabaseDto",
        "usage": "SOURCE",
        "dbms": "Apache Spark",
        "server_name": "ec2-34-240-7-18.eu-west-1.compute.amazonaws.com",
        "user_name": "hadoop",
        "included_schemas": "rosie_landing",
        "templateDatabaseType": "HADOOPSPARK",
        "dma_schema": "rosie_landing",
        "original_sourcedb_id": 5,
        "has_source_definition": true,
        "display_name": "Apache Spark",
        "port": 10000,
        "db_settings": {
          "$type": "SparkDbSettings",
          "data_store": {
            "$type": "DataStoreHdfs",
            "root_location_path": "/rosie",
            "hive_external_table": false
          },
          "data_store_type": "HDFS",
          "use_buckets": false,
          "number_of_buckets": 0,
          "format": "PARQUET",
          "authentication_type": "USERNAME",
          "ssl_configuration": {
            "use_ssl": false,
            "allow_self_signed_certs": false
          }
        },
        "multibyte_character_multiplier": 1,
        "apply_ddl_changes": true,
        "max_table_cols_single_read": 100,
        "original_sourcedb_name": "Landing",
        "uuid": "967aa1e6-3ef1-4dea-8281-fbc9b8ddd965",
        "use_long_object_names": false,
        "use_zoo_keeper": false,
        "zoo_keeper_namespace": "hiveserver2",
        "id": 6,
        "name": "Landing_Landing",
        "version": 636933354086500000,
        "metadata": {
          "creation_time": 636893764948530000,
          "modification_time": 636933354086500000,
          "tags": [],
          "caller_role": "NONE"
        }
      },
      "tags": [],
      "software_version": 5
    },
    {
      "id": 8,
      "path": "/",
      "name": "VersionControl",
      "type": "VersionControl",
      "creation_time": 0,
      "modification_time": 0,
      "inner_item": {
        "$type": "VersionControlDto",
        "type": "Git",
        "use_remote_server": true,
        "remote_url": "https://github.com/RosieBarsky/Compose4DL_2.git",
        "user_name": "rosiebarsky",
        "password": "",
        "name": "VersionControl",
        "version": 636933377754720000,
        "metadata": {
          "creation_time": 636933363368040000,
          "modification_time": 636933377754720000,
          "tags": [],
          "caller_role": "NONE"
        }
      },
      "tags": [],
      "software_version": 1
    },
    {
      "id": 2,
      "path": "/",
      "name": "Spark_emr_new",
      "type": "ExecutionServiceDto",
      "creation_time": 0,
      "modification_time": 0,
      "inner_item": {
        "$type": "ExecutionServiceDto",
        "max_runtime_instances_to_keep": 1000,
        "name": "Spark_emr_new",
        "version": 636933361335430000,
        "metadata": {
          "creation_time": 636893764222130000,
          "modification_time": 636933361335430000,
          "tags": [],
          "caller_role": "NONE"
        }
      },
      "tags": [],
      "software_version": 1
    },
    {
      "id": 7,
      "path": "/",
      "name": "Compactor",
      "type": "ETLInfo",
      "creation_time": 0,
      "modification_time": 0,
      "inner_item": {
        "$type": "ETLInfoDto",
        "data": {
          "seqr_processing": false,
          "FULLREBUILD": false,
          "SELOFRUNS": 0,
          "EMPTYRUNNRSTABLE": true,
          "INSERTRUNNRSTABLE": true,
          "MAXCDC_COLUMNS": 10,
          "SPLITRELSANDATTS": false,
          "STOPAFTERSTAGING": false,
          "PARAM_RUNNR": "1",
          "Using_Max_partitions_for_CDC": false,
          "Max_partitions_for_CDC": 0,
          "dm_cohorts": [],
          "engine_settings": {
            "thread_connection_settings": {
              "thread_pool_size": 10,
              "thread_pool_max": 18,
              "thread_queue_max": 10000,
              "thread_timeout": 3000
            },
            "database_connection_settings": {
              "db_pool_size": 200,
              "db_reap_interval": 30000,
              "db_lease_timeout": 60000,
              "print_db_leases": false
            },
            "engine_logging_settings": {
              "log_level": "INFO",
              "log_file": "$project-path$\\$task-name$\\$task-name$_Log.log",
              "log_file_timestamp": true,
              "log_console": true,
              "log_stack_trace": false,
              "log_jdbc_driver_output": false,
              "log_mapping_fields": false,
              "log_mapping_values": false,
              "log_sync_provider_output": false,
              "log_prep_statmt_bindings": false,
              "log_dbms_leasing": false,
              "log_table_contents": false,
              "log_sql_monitor_output": false,
              "log_param_substitution": false,
              "log_mop_ids": false,
              "log_java_env": false,
              "log_mopping_state": false,
              "log_table_cache_rows": 20,
              "print_final_log": false,
              "print_dbms_info": false,
              "create_missing_tables": false
            },
            "mopping_thread_settings": {
              "mop_direct_write": false,
              "mop_thread_pool_size": 18,
              "mop_thread_pool_max": 18,
              "mop_thread_queue_max": 2500,
              "mop_thread_timeout": 3000,
              "mop_write_queue_max": 100,
              "mop_no_id_ledelins": true,
              "mop_without_write": false
            },
            "general_settings": {
              "java_mem": "-Xms1024M -Xmx4096M",
              "stt_date": "NOW",
              "up_ddate": "NOW",
              "tgt_os": "MSWL",
              "tgt_sh": "cmd",
              "validate_data_types": false,
              "validate_only": false,
              "fetch_size": 1000,
              "batch_max_rows": 20,
              "nr_of_committed_rows": 10000,
              "parameter_worm": true,
              "instruction_delay": false,
              "memory_reaper": false,
              "ORACLE_DATADIRECT": false,
              "ORACLE_TNSNAMES": "",
              "SQLSERVER_DATADIRECT": false,
              "SQLSERVER_DRIVER_1_1": true,
              "JTDS": false,
              "DB2_DATADIRECT": false,
              "encrypted_password": true,
              "change_processing_by_query": false
            },
            "advanced_settings": {
              "retain_stg_tables": false,
              "retain_imt_tables": false,
              "imt_tables_volatile": false,
              "write_etl_cmnds_to_db": false
            },
            "spark_settings": {
              "properties": {}
            }
          },
          "workflow_position": 1,
          "dwh_full_load": false,
          "dm_enable_table_logging": false,
          "allow_updating_to_null": false,
          "from_date_unmapped_value": "LOWEST",
          "CDC__delay": 0
        },
        "active_mappings": [],
        "entity_action": [],
        "etl_type": "Compactor",
        "active_custom_etls": [],
        "uuid": "e1d741e6-5aa8-4d20-90b3-4b545fe6c372",
        "task_Stage": "DataWarehouse",
        "id": 7,
        "name": "Compactor",
        "version": 636921357190720000,
        "metadata": {
          "creation_time": 636921357190720000,
          "modification_time": 636921357190720000,
          "tags": [],
          "caller_role": "NONE"
        }
      },
      "tags": [],
      "software_version": 2
    }
  ]
}